IP,MAC
192.168.62.1,90:6c:ac:99:4c:0c
192.168.62.10,c0:18:03:d5:f6:37
192.168.62.16,48:0f:cf:3b:fd:17
192.168.62.25,78:04:e3:96:21:79
192.168.62.26,48:0f:cf:66:91:b1
192.168.62.30,dc:4a:3e:7f:b9:ba
192.168.62.31,78:04:e3:96:2c:79
192.168.62.32,78:04:e3:96:26:d6
192.168.62.36,78:04:e3:95:fa:03
192.168.62.41,48:0f:cf:45:38:a3
192.168.62.35,e8:65:d4:20:2c:30
192.168.62.64,78:04:e3:96:1b:57
192.168.62.65,48:8f:5a:9b:23:82
192.168.62.66,a0:8c:fd:c3:8c:9d
192.168.62.69,c4:65:16:24:ae:b1
192.168.62.74,48:0f:cf:3b:fc:f9
192.168.62.76,50:0f:f5:35:94:80
192.168.62.78,78:04:e3:96:1b:8f
192.168.62.91,78:04:e3:96:1e:d3
192.168.62.101,78:04:e3:96:21:f3
192.168.62.107,78:04:e3:96:1e:db
192.168.62.109,78:04:e3:96:25:6b
192.168.62.110,e8:65:d4:00:82:68
192.168.62.117,e8:65:d4:20:2c:50
192.168.62.240,28:d2:44:a3:60:d7
